user_name,created at,favorite_count,text,id,in_reply_to,is_reply,lang,view_count,retweet_count
Winkeldiefstal1,Wed Aug 14 13:09:12 +0000 2024,0,@BartMos @Belastingdienst @ingnl Ook gezien hoeveel fouten er in staan?,1823708450628788401,1823387406168408178,True,nl,6,0
JerinTahapary,Wed Aug 14 09:07:09 +0000 2024,0,"@ingnl @elisalocuta Beste, ik heb het weer geprobeerd om de App te openen, en het werkt nu gelukkig wel!",1823647539540697450,1823646901712859366,True,nl,30,0
JerinTahapary,Wed Aug 14 08:28:01 +0000 2024,0,"@ingnl @elisalocuta Beste ING,  Ik kan mijn ING app helaas niet openen. Klopt ‚Äòt dat er op het moment een storing is? @ingnl",1823637691994370215,1823602749977624719,True,nl,42,0
djidee,Wed Aug 14 06:30:37 +0000 2024,0,"@NLRebellion @ingnl De ludieke acties in het begin, gaf jullie nog aardig draagvlak en aandacht.  Nu het aan het doorslaan is, merk je dat de opinie kantelt. Rupsje nooitgenoeg, te stellig, en daarmee zichzelf aan het vervreemden en isoleren van het grote publiek. Ga je je doelen niet mee halen.",1823608144506818698,1823607673536823515,True,nl,26,0
djidee,Wed Aug 14 06:28:45 +0000 2024,0,"Waarom kiest @NLRebellion bijvoorbeeld herhaaldelijk voor A10 Zuid voor een blokkade richting @ingnl , terwijl het hoofdkantoor daar al jaren niet meer zit?  Het gaat niet om ING, maar gewoon zoveel mogelijk overlast cre√´ren.  En het dan nu raar vinden dat men daar klaar mee is?",1823607673536823515,1823607036313018618,True,nl,38,0
elisalocuta,Tue Aug 13 19:27:14 +0000 2024,0,@ingnl Hartelijk bedankt!!! üòç,1823441198184587483,1823437528612946201,True,nl,42,0
elisalocuta,Tue Aug 13 18:55:22 +0000 2024,0,@ingnl Kan ik mijn bankrekening opzeggen bij een servicepunt of alleen bij een kantoor? Welke documenten moet ik meenemen? We komen uit Duitsland en zijn een beetje hulpeloos.,1823433181564912078,,False,nl,144,0
sneuperdokkum,Tue Aug 13 16:40:55 +0000 2024,1,@BartMos @Belastingdienst @ingnl Finom is Hongaars voor lekker,1823399346131665191,1823387406168408178,True,nl,66,0
FloorDrost,Tue Aug 13 16:05:49 +0000 2024,0,@BartMos @Belastingdienst @ingnl Leeft hij nog?,1823390510771302620,1823387406168408178,True,nl,69,0
van_Hooijdonk,Tue Aug 13 16:02:15 +0000 2024,2,@BartMos @Belastingdienst @ingnl Soms moet je gewoon verlies nemen.,1823389613248897270,1823387406168408178,True,nl,79,0
BartMos,Tue Aug 13 15:53:29 +0000 2024,7,"En ja hoor, meneer Roet gaat gewoon door met rondsturen van bedelbrieven namens Loterijverlies. Nu wil hij geld voor de ‚Äòschikkig‚Äô die hij is overeengekomen met de @Belastingdienst. Bij @ingnl is hij niet meer welkom, vandaar dat het geld nu overgemaakt moet worden naar ‚ÄòFinom‚Äô. https://t.co/D7XRuyAtxc",1823387406168408178,,False,nl,1338,0
CryptoVertex,Tue Aug 13 14:07:16 +0000 2024,0,"@geldmaat @ingnl @ABNAMRO @SNSBank @Rabobank Kijk het maar goed na, want het begint echt verschrikkelijk te worden. Succes! https://t.co/rXRATKA4P7",1823360677177598028,1822962438049763600,True,nl,33,0
CryptoVertex,Tue Aug 13 14:06:06 +0000 2024,0,"@ABNAMRO @geldmaat @ingnl @SNSBank @Rabobank Gisteren deed ie het nog niet. Naja, succes! Hopelijk gaat het bij Geldmaat in de toekomst beter.",1823360384876630339,1822960243262795864,True,nl,14,0
DNB_NL,Tue Aug 13 08:54:11 +0000 2024,0,"@AstridWede @parool @ingnl DNB kan geen uitspraken doen over onder toezicht staande instellingen, maar in zijn algemeenheid ziet DNB zowel voordelen als risico‚Äôs in samenwerking tussen banken en BigTechs. Een meer uitgebreide visie van DNB op de kansen en uitdagingen vindt u hier: https://t.co/eWdotyqBPP",1823281887378395514,1822150714040131718,True,nl,8,0
BeneluxShab,Tue Aug 13 08:33:14 +0000 2024,0,@ingnl Geld overgeboekt van de abn wordt op het moment niet bijgeschreven.,1823276616539119645,1812775725357044079,True,nl,66,0
rotterdamboy35,Tue Aug 13 07:56:30 +0000 2024,0,@ingnl Okee,1823267372137845199,1823266996282139091,True,en,30,0
rotterdamboy35,Tue Aug 13 07:49:56 +0000 2024,0,@ingnl Oke en wnr word het bedrag dan op me ing rekening gezet ?,1823265718911037922,1823263582684848147,True,nl,89,0
BOomer38991049,Tue Aug 13 07:09:41 +0000 2024,0,"@ingnl Hallo, jullie mailserver van de schade reisverzekering melden ligt er al sinds gisteren uit. Wordt daar nog wat aan gedaan of is fit de nieuwe manier van bezuinigen? Niks ontvangen dis niks uitkeren?",1823255588513394891,,False,nl,58,0
vfweiss,Tue Aug 13 06:54:29 +0000 2024,0,Beste @ingnl wanneer gaan overschrijvingen van andere banken eens binnen komen? ABN heeft zelfs door dat jullie een storing hebben en geeft een melding bij een overboeking nu. Maar volgens jullie site is er niets aan de hand...,1823251762783961535,,False,nl,76,0
rotterdamboy35,Tue Aug 13 06:46:47 +0000 2024,0,@ingnl ik heb net van abn naar me ing geld overgemaakt en hij hoort er allang op te staan wat is er aan de aan de hand en wnr komt het op de ing rekening?,1823249827649503698,,False,nl,95,0
tbrugman,Tue Aug 13 06:18:04 +0000 2024,0,@ingnl En hoe krijg ik het weg zonder die gegevens in te voegen?,1823242599676669992,1823241359936856119,True,nl,76,0
WillemijnvZ,Mon Aug 12 23:33:43 +0000 2024,1,"Hahaha @ingnl wederom een storing?! Misschien kunnen jullie je naam beter veranderen in ""Storingsbank"". Geld overmaken van een andere bank naar jullie lukt niet...",1823140841050833362,,False,nl,15,0
FuenteAlam,Mon Aug 12 22:40:59 +0000 2024,0,Als #googlepay niet werkt wat dan? #privacy #cybersecurity #google @ingnl @2eKamertweets @2525 @d66 #volkskrant @tomjanmeeus  https://t.co/ttVYJ7XrVD,1823127571464134906,,False,nl,60,0
BreelDylan,Mon Aug 12 21:25:24 +0000 2024,2,Ik kan niet begrijpen dat als je een storing hebt als grote bank dat je niet eens ergens laat weten dat je een storing hebt..Andere banken en zelfs apps die niet van ING zijn kunnen dit wel zeggen over ING waarom @ingnl zelf niet? https://t.co/MqlORFdc0O,1823108547401466091,,False,nl,145,0
W_0_0_F_Y,Mon Aug 12 20:48:37 +0000 2024,0,"@ingnl Nou ja dit was een van die dingen wat zichzelf oploste na een uurtje ongeveer. Maar het was wel redelijk duidelijk aan de kant van ing, wellicht Een onderhoud cyclus op een zondag Waar ik toevallig in kwam als t ware.",1823099290639540602,1822890761471369489,True,nl,14,0
tbrugman,Mon Aug 12 20:17:57 +0000 2024,0,Zeg @ingnl hoe krijg ik deze zeurmelding weg? https://t.co/jw99wNZHjJ,1823091574340759743,,False,nl,121,0
LuckyAmsterdam,Mon Aug 12 17:52:13 +0000 2024,1,@ingnl Inmiddels met iemand gechat die wel van ING was. Die eerdere was dat duidelijk niet. Is nu gelukkig allemaal wel opgelost.,1823054899778883951,1823014940040417759,True,nl,112,0
Nicky1751983,Mon Aug 12 17:34:53 +0000 2024,1,"@jkmkkijjhhhhg @ingnl @MarinaVreugde @LucasHartong @wierdduk Ja zit hier ook al ruim 1 uur te wachten, in de app van tikkie staat als de ing storing heeft, kan het tot 3 werkdagen duren",1823050539292041332,1823044299283394682,True,nl,116,0
Tweelingetje2V,Mon Aug 12 15:43:31 +0000 2024,0,@LucasHartong @ingnl Geen storing.,1823022513451852173,1823010813310849317,True,nl,16,0
dwarsbalk9A,Mon Aug 12 15:39:46 +0000 2024,0,"@LucasHartong @ingnl @wierdduk Als je gaat bellen, zeggen ze dat er niets aan de hand is.",1823021567032332796,1823011476963017079,True,nl,10,0
BertKassing,Mon Aug 12 15:23:56 +0000 2024,0,@LucasHartong @ingnl @wierdduk In Hoofddorp werkt het nog gewoon. Zojuist 17.05 uur betaald in de supermarkt. Geen probleem.,1823017584788172975,1823012955899777262,True,nl,29,0
NielsAhob2,Mon Aug 12 15:18:28 +0000 2024,1,@ingnl @MarinaVreugde @LucasHartong @wierdduk Kijk eens op Alle Storingen. https://t.co/yFlAhufrS0,1823016209257800058,1823016068786409646,True,nl,32,0
NielsAhob2,Mon Aug 12 15:17:59 +0000 2024,0,@LucasHartong @ingnl @wierdduk Bij AlleStoringen nu een ontzettende piek: https://t.co/3r88W4eVG7,1823016086024982736,1823012955899777262,True,nl,26,0
MarinaVreugde,Mon Aug 12 15:13:07 +0000 2024,1,@LucasHartong @ingnl @wierdduk Even uitgeprobeerd maar bij mij geen (nog) problemen. Woon vlakbij Rotterdam,1823014859627282508,1823012955899777262,True,nl,171,0
PatriciaSt1948,Mon Aug 12 15:07:35 +0000 2024,1,"@LucasHartong @ingnl @wierdduk Volgende maand met 4 rekeningen naar de @knab_nl , ik zit daar al zakelijk, maar als de donder weg bij de @ingnl",1823013468884074827,1823012955899777262,True,nl,25,0
LucasHartong,Mon Aug 12 14:49:17 +0000 2024,1,"@PeteB1612 @ingnl Zeg dat! Kan nu al urenlang niet inloggen en betalen... ""Niet uw fout, wordt aan gewerkt..."" Jaja.",1823008863630545115,1823005061284299093,True,nl,27,0
PeteB1612,Mon Aug 12 14:34:11 +0000 2024,1,@LucasHartong @ingnl Komt regelmatig voor dat de ING site niet of slecht werkt. Enorm irritant en tijdrovend.,1823005061284299093,1822997741091291532,True,nl,29,0
LucasHartong,Mon Aug 12 14:05:05 +0000 2024,3,"Sjong jonge, al ruim uur lang storing bij @ingnl online bankieren en betalen.",1822997741091291532,,False,nl,397,0
LuckyAmsterdam,Mon Aug 12 13:31:34 +0000 2024,1,Hi @ingnl jullie chat wordt bemand door een extern bedrijf die nergens iets over kunnen beslissen. Hoe kom ik in contact met iemand bij ING die dat wel kan?,1822989305813340384,,False,nl,166,0
ray2401,Mon Aug 12 13:07:17 +0000 2024,0,@ingnl Nou ja na 1 uur was t antwoord dat het doorgezet is naar een andere afdeling en dat t 3 dagen kan duren. Haha. Maar vooral het in de wacht staan zonder tussen door even een we zijn nog bezig we zijn je niet vergeten zou fijn zijn geweest haha,1822983194863435959,1822969648637182077,True,nl,96,0
geldmaat,Mon Aug 12 11:46:28 +0000 2024,0,@CryptoVertex @ABNAMRO @ingnl @SNSBank @Rabobank @CryptoVertex @ABNAMRO @ingnl @SNSBank @Rabobank Ik zie het. Staat nu inderdaad buiten gebruik. Monteur is er mee bezig. Zie trouwens wel dat de meeste storingen veroorzaakt worden door kapotte biljetten en elastiekjes die (mee) gestort worden. ^RW,1822962856389661174,1822958306752712749,True,nl,43,0
turbomeisje,Mon Aug 12 11:45:26 +0000 2024,0,Boycot @ingnl @Rabobank @ABNAMRO @devolksbank,1822962593830449382,,False,en,43,0
geldmaat,Mon Aug 12 11:44:48 +0000 2024,0,@CryptoVertex @ingnl @ABNAMRO @SNSBank @Rabobank @CryptoVertex @ingnl @ABNAMRO @SNSBank @Rabobank Hi. Om welke locatie gaat dit? Dan kijk ik het voor je na. ^RW,1822962438049763600,1822285851059003683,True,nl,48,0
drkulk,Mon Aug 12 11:38:04 +0000 2024,0,@ingnl Snap ik. Alleen even geen idee meer van de inlog zo lang geleden!  En opnieuw aanvragen wordt lastig in buitenland!,1822960742863139089,1822960011905012052,True,nl,91,0
ray2401,Mon Aug 12 11:37:27 +0000 2024,0,@ingnl Als je on hold gezet word kan het dan gewoon langer dan een half uur duren? (ik wil best wachten maar zou fijn zijn als er dan tussen door nog wel even iets gezegd word van we zijn bezig hoor). Wil niet ophangen en weer opnieuw beginnen.,1822960588315623450,,False,nl,112,0
ABNAMRO,Mon Aug 12 11:36:05 +0000 2024,0,"@CryptoVertex @geldmaat @ingnl @SNSBank @Rabobank @CryptoVertex Bedankt voor het doorgeven, ik heb er melding van gemaakt bij Geldmaat#hopelijkbeterschap. ^Herma",1822960243262795864,1822958306752712749,True,nl,43,0
drkulk,Mon Aug 12 11:33:15 +0000 2024,0,@ingnl Krijg nu onderstaande melding in app. Dus kom niet op mijn inlogpagina die ik altijd heb. https://t.co/Z7jb4thgHb,1822959528352039410,1822951334221336729,True,nl,55,0
CryptoVertex,Mon Aug 12 11:28:23 +0000 2024,0,"@ABNAMRO @geldmaat @ingnl @SNSBank @Rabobank Hoi Bas, zie foto. https://t.co/0y9AYCf9vX",1822958306752712749,1822287531221684454,True,nl,69,0
RickGorter62,Mon Aug 12 10:25:21 +0000 2024,2,"@MahirAlkaya Terug naar het pasje dus, niks google-wallet. Thanks @ingnl",1822942440715608215,1822905497344692353,True,nl,60,0
drkulk,Mon Aug 12 10:19:53 +0000 2024,0,@ingnl kan het kloppen dat er een storing is in de app? Kan niet meer inloggen!,1822941064514199944,,False,nl,103,0
kreefteric,Mon Aug 12 09:01:46 +0000 2024,0,@reintjanauwema @ASMLcompany @Rabobank @Shell @ABNAMRO @ingnl @Heineken Eensch!,1822921408025866643,1822914769491308878,True,nl,59,0
sandervh1998,Mon Aug 12 09:00:45 +0000 2024,0,@NaomiSmit88 @nieuwsalert_nl Totaal geen problemen mee. Ik kan nog tot 2 september blijven betalen in ING app. Hoop dat @ingnl voor die tijd wel eens rond heeft dat er betaald kan worden via Android Horloges...,1822921150847979791,1822589734419357821,True,nl,25,0
reintjanauwema,Mon Aug 12 08:35:23 +0000 2024,3,"Voor bedrijven als @ASMLcompany, @Rabobank, @Shell, @ABNAMRO, @ingnl en @Heineken ligt hier toch een geweldige kans? Met een fractie van hun miljardenwinsten kunnen ze bijdragen aan ons topsportklimaat en een vleugje verbinding in NL. https://t.co/HGA8BLyh8E",1822914769491308878,,False,nl,721,2
RaijmondLeon,Sun Aug 11 20:38:37 +0000 2024,0,@RobJetten Veel sportclubs kapot aan JOUW torenhoge energieBELASTINGEN he. Totaal support circa 50 miljoen aan @TeamNLtweets door oude regeringsmeuk van jou. Nou dat kunnen @Heineken @ASMLcompany @ingnl @nn_nederland @asr makkelijk dokken hoor. Zij varen ook goed op Holland promotie.,1822734389073043625,1822580278608445791,True,nl,16,0
CryptoVertex,Sun Aug 11 18:14:50 +0000 2024,0,@JohnCryptomania @geldmaat @ingnl @ABNAMRO @SNSBank @Rabobank Haha ü§£,1822698202719830238,1822300938272452716,True,tl,40,0
Funnyguy_1969,Sun Aug 11 11:53:49 +0000 2024,0,@ingnl hoe wordt de privacy gewaarborgd als men via Google Pay moet gaan betalen? Ook speelt dit scammers/phishing prachtig in de kaart. Veel mensen willen dit niet en dit gaat jullie zeker klanten kosten.,1822602316354101389,,False,nl,84,0
jba_nft,Sun Aug 11 09:17:30 +0000 2024,0,@ingnl jullie moeten die iphonesletjes ontslaan en mensen aannemen die normaal kunnen nadenken. @GooglePay zuigt aan alle kanten en is volstrekt onnodig. Gaat prima zonder die heikneuters van Google. #succes üëãüñï,1822562978450874388,,False,nl,17,0
jba_nft,Sun Aug 11 09:11:05 +0000 2024,0,"@ingnl chat gesloten op zondag? Waar is de 24/7 service gbleven? Ojaaa, goedkope spuitjoden uit Israel die verkrachtingen goedpraten. Logisch. Jullie zijn het fysieke bewijs dat we beter af zijn zonder joodse kapitalistische psychopaten üñï",1822561363073368315,,False,nl,6,0
jba_nft,Sun Aug 11 09:07:55 +0000 2024,0,"@ingnl bedankt dat jullie mij verplichten gebruik te maken van google pay. Ging al die jaren gewoon prima zonder google troep, dus waarom nu ineens dit BS door mn strot douwen? Wat denk je wel niet dat je bent? #volkspauperij üñï",1822560568269574330,,False,nl,12,0
W_0_0_F_Y,Sun Aug 11 08:58:25 +0000 2024,0,"@ingnl beleggingsrekening via mobiel app, browser, normaal internet bankieren app, werkt niet, niet inzichtbaar of zeer traag waar de helft van de info mist. (Watchlist leeg bijvoorbeeld)  Storing?",1822558176660558188,,False,nl,93,0
ottodeggeller,Sat Aug 10 18:45:08 +0000 2024,0,elimineren @ingnl ü§î. Veto! ‚ùé,1822343442275373335,,False,es,14,0
MihriSin,Sat Aug 10 17:15:22 +0000 2024,1,@CryptoVertex @geldmaat @ingnl @ABNAMRO @SNSBank @Rabobank Ja @geldmaat  is echt een kut instantie. Gisteren twee maal diverse errors gehad,1822320850529349800,1822285851059003683,True,nl,36,0
PeterVanHaerlem,Sat Aug 10 16:52:54 +0000 2024,1,@ADnl Hoeveel verdient @ingnl daar aan? En hoeveel daarvan wordt aan hun klanten betaald?  Of hebben ze weer een manier gevonden om hun klanten te bestelen?,1822315196162912368,1822262744294322539,True,nl,114,0
JohnCryptomania,Sat Aug 10 15:56:15 +0000 2024,0,@CryptoVertex @geldmaat @ingnl @ABNAMRO @SNSBank @Rabobank Het zit niet echt mee de laatste tijdü§™,1822300938272452716,1822285851059003683,True,nl,41,0
ABNAMRO,Sat Aug 10 15:30:29 +0000 2024,0,"@CryptoVertex @geldmaat @ingnl @SNSBank @Rabobank @CryptoVertex Ja, snap ik. We horen het graag. Alsnog een goed weekend gewenst. ^Bas",1822294454604009912,1822294170335158547,True,nl,53,0
CryptoVertex,Sat Aug 10 15:29:21 +0000 2024,0,"@ABNAMRO @geldmaat @ingnl @SNSBank @Rabobank Hoi Bas, laat ik jou aankomende   week weten. Mensen beginnen echt geirriteerd te raken. Dank alvast!",1822294170335158547,1822287531221684454,True,nl,62,0
Knollebollie,Sat Aug 10 15:25:06 +0000 2024,0,"@ingnl Een link naar de homepagina, right ....",1822293102217801936,1052140155648266240,True,nl,12,0
naokyneko,Sat Aug 10 15:03:59 +0000 2024,0,"@ingnl Hoi. For instance, I opened the ING app- services-access and confirmation-User name mijnING. It transfers to web (mijn ING nl) but ended up like this (timeout maybe?) https://t.co/qnJ4a9Amdy",1822287786344382563,1822279872820961762,True,en,75,0
ABNAMRO,Sat Aug 10 15:02:58 +0000 2024,0,"@CryptoVertex @geldmaat @ingnl @SNSBank @Rabobank @CryptoVertex Aii, dat is balen! Om welke automaat gaat het precies? Graag het nummer van de automaat, dan maak ik hier melding van. ^Bas",1822287531221684454,1822285851059003683,True,nl,63,0
CryptoVertex,Sat Aug 10 14:56:17 +0000 2024,0,En het is weer zo ver! Tering bedrijf @geldmaat ü§¨ü§¨  Echte man FIX JE SHIT!!   4e keer al dat als ik geld wil storten die kut automaat buitenbereik is!!!  @ingnl @ABNAMRO @SNSBank @Rabobank https://t.co/SdlGg1kTw2,1822285851059003683,,False,nl,257,0
robinss81,Sat Aug 10 14:33:54 +0000 2024,1,"Wel grappig bepaalde bedrijven zoals Horeca krijgen brieven van de ING ikv KYC, het totaal van contante inkomsten is wat hoog, zonder duiding, wat is hoog.... Goh horeca, daar wordt nog contant betaald... ING heeft blijkbaar geen kennis van de markt... @ingnl",1822280216963674220,,False,nl,8,0
dutchie761,Sat Aug 10 14:33:47 +0000 2024,0,@ingnl https://t.co/zuEGD7SpBR,1822280187976839421,1812775725357044079,True,qme,8,0
naokyneko,Sat Aug 10 14:28:00 +0000 2024,0,I experienced the issue of login mijn ING services both particulier and zakelijk. @ingnl any known issues ATM ?,1822278731613847760,,False,en,157,0
Soesah,Sat Aug 10 12:14:05 +0000 2024,0,"Wij doen sowieso niet aan afrekenen met mobieltje noch mobiel bankieren.Doen wel a internetbankieren maar geven,meestal, voorkeur a cash; aan #Googlepay beginnen we al helemaal niet @2eKamertweets @hansovereem @ingnl @hermanstu @ADnl @Rabobank #stefaandecraene @NederlandseBank",1822245032021135550,,False,nl,29,0
OvernameExpert,Sat Aug 10 10:22:11 +0000 2024,0,@ingnl @Lautje81 Is er nog steeds een storing?,1822216867978588558,1822196938445390020,True,nl,93,0
knipknips,Sat Aug 10 10:09:47 +0000 2024,0,@mariohoogndoorn @ingnl @Consumentenbond Moet je zeker een andere service afnemen...Extra verdienmodel van de bank!,1822213749865959737,1822151185865806326,True,nl,10,0
NatheAli,Sat Aug 10 09:17:26 +0000 2024,0,"@ingnl vertrouwt zijn bestaande klanten niet en blokkeert gewoon zakelijke rekeningen. Het is niet dat de klanten het niet moeilijk hebben in huidige economie , maar nu wordt het ze onmogelijk gemaakt om nog inkopen te doen of leveranciers te betalen. #downthedrain",1822200574877581319,,False,nl,7,0
Lautje81,Sat Aug 10 08:31:47 +0000 2024,0,@ingnl Er staat dat er aan gewerkt wordt dat ik de rekening snel weer kan zien. Maar ik wil je tip zeker even proberen,1822189086662127712,1822177515974148349,True,nl,63,0
Noommmio,Sat Aug 10 08:05:07 +0000 2024,0,"@ingnl  Worden jn september de bankkosten verlaagd? Jullie bieden dan namelijk geen mobiel betalen meer. Minder service, dus minder kosten toch??? Belachelijk dat jullie verwijzen naar Google.",1822182377633747209,,False,nl,77,0
Mandy_it_is,Sat Aug 10 07:54:20 +0000 2024,0,@ingnl Ja nu werkt alles maar om 07:13 niet. En nee het ligt niet aan mijn toestel.,1822179660932772025,1822176048189993335,True,nl,56,0
inversiesocial,Sat Aug 10 07:03:30 +0000 2024,2,@AstridWede @parool @ingnl @DNB_NL Dus nu luisteren ze wel naar klanten of alleen naar de ‚Äúzelfredzame‚Äù klanten.  https://t.co/6llTn21j0a,1822166868561449061,1822150714040131718,True,nl,57,1
U_R_S_T_U_P_I_D,Sat Aug 10 06:19:35 +0000 2024,0,@ingnl   Wanneer worden we eens gecompenseerd? Het gebeurd te vaak dat er wat aan de hand is. https://t.co/cRJwyq4lB6,1822155816515805416,,False,nl,48,0
Lautje81,Sat Aug 10 06:06:35 +0000 2024,0,@ingnl hoe lang duurt het nog voordat ik weer bij mijn spaarrekening kan. Heb er wat van nodig en kan er nu niet bij. #lastig #storing,1822152547420774597,,False,nl,111,0
mariohoogndoorn,Sat Aug 10 06:01:11 +0000 2024,0,"Weer heel vervelend: je kan niet over al je rekeningen bij @ingnl beschikken, eventueel rood staan kan niet worden aangevuld vanuit de spaarrekeningen‚Ä¶. Extra inkomsten voor #INGüßê  @Consumentenbond https://t.co/HxwCcqS6ny",1822151185865806326,,False,nl,42,0
AstridWede,Sat Aug 10 05:59:18 +0000 2024,2,"@parool ‚Äò‚Ä¶ de klanten vragen erom‚Ä¶‚Äô @ingnl kan dit wel zeggen, maar kunnen ze dit ook onderbouwen? En daarbij, wat is voor de #ING de drempel: 2 klanten, 2000 of meer? Of wordt dit (meerdere keren) gebruikt als gelegenheidsargument? En wat vindt de @DNB_NL hiervan?",1822150714040131718,1822147724763963692,True,nl,100,0
brasem5,Sat Aug 10 05:30:33 +0000 2024,0,@ingnl hoelang gaat de storing duren van de spaarrekening #waardeloos en maar de prijzen verhogen,1822143477641040106,,False,nl,45,0
Mandy_it_is,Sat Aug 10 05:14:51 +0000 2024,0,@ingnl   Serieus weer een storing?? https://t.co/fcgYEAZnln,1822139524891218058,,False,nl,60,0
necsuss,Fri Aug 09 22:31:02 +0000 2024,0,@ingnl this fucking bank wants that we share all our payments with google. Is this normal? I am moving to another bank. Everyone should do the same,1822037902479487126,,False,en,48,0
MarjaRaams,Fri Aug 09 20:47:05 +0000 2024,0,"@ingnl Beste Dominique,   Dank je wel. Zijn rekening is net eindelijk geblokkeerd. Hij kan vannacht eindelijk wat rustiger slapen.  Groetjes Marja",1822011741166796845,1821980619410173968,True,nl,52,0
jannybloemendal,Fri Aug 09 18:48:04 +0000 2024,0,@ingnl Oh ik heb nu dus het hele verhaal in dm gestuurd en krijg dan de mededeling wij kunnen u bericht hier niet beantwoorden üôà,1821981793257762924,1821979042402173159,True,nl,84,0
MarjaRaams,Fri Aug 09 18:42:02 +0000 2024,0,"@ingnl Beste Dominique, heb een dm gestuurd. Hoop dat hij snel wat hoort want dit is waanzinnig. Bij mij komt de stoom bijna uit mijn oren, mijn client zit er helemaal doorheen.",1821980275049386198,1821978176785883207,True,nl,67,0
jannybloemendal,Fri Aug 09 18:35:14 +0000 2024,0,@ingnl Zal ik dat even in DM doen ?,1821978561345171925,1821978384785686896,True,nl,48,0
MarjaRaams,Fri Aug 09 18:21:28 +0000 2024,0,"@ingnl Bank neemt hem niet serieus.  Afschrijvingen vd oplichter gaan door. Zelfs rekening blokkeren lukt niet. Ze sturen hem nu, in de avond naar het kantoor. ( alles is dicht)",1821975096262848990,1821973449839144984,True,nl,44,0
jannybloemendal,Fri Aug 09 18:15:02 +0000 2024,1,"@ingnl goeden(nou ja)avond, zojuist een gesprek gehad met een van jullie medewerksters van de fraude helpdesk dat uitermate teleurstellend is verlopen. De beste mevrouw had totaal geen kennis van zaken, gaf geen enkele oplossing aan dan het invullen van een geld terug form. ?",1821973477928399000,,False,nl,116,0
MarjaRaams,Fri Aug 09 18:14:55 +0000 2024,0,@ingnl ING blijft steeds contact opnemen met de oplichter en niet met rekeningeigenaar.,1821973449839144984,1821973040949031197,True,nl,23,0
MarjaRaams,Fri Aug 09 18:13:18 +0000 2024,0,"@ingnl Beste Dominique,  Zijn we nu al uur mee bezig maar komen er niet uit. Oplichter heeft weer toegang tot zijn rekening, echte eigenaar kan nergens meer bij. Hij kan al maanden niet bij zijn eigen rekening .",1821973040949031197,1821971056422191488,True,nl,23,0
MarjaRaams,Fri Aug 09 17:54:03 +0000 2024,0,"@ingnl  Beste ING,  Hoe moet iemand een rekening blokkeren na diefstal &amp; fraude? Mijn client kan al maanden niet bij zijn rekening. Waarom blijft jullie bank met oplichters contact opnemen?",1821968197631013177,,False,nl,51,0
mopsyflopsy,Fri Aug 09 14:41:51 +0000 2024,0,"@ingnl Geen reactie, ING?",1821919827457437900,1821532096285851917,True,nl,51,0
BasTDBN,Fri Aug 09 13:50:15 +0000 2024,3,@MetalBlockchain @Rabobank @ingnl @ABNAMRO @knab_nl @bunq,1821906842668146722,1821900798101491793,True,qam,141,0
mirellastrangio,Fri Aug 09 12:57:56 +0000 2024,0,@ingnl Is er momenteel een storing? Zowel ING app als internetpagina (https://t.co/wqoMhxrsEM) zijn niet beschikbaar‚Ä¶,1821893677582545155,,False,nl,68,0
Fijnweer,Fri Aug 09 12:09:40 +0000 2024,0,Graag een oplossing! Herhaald verzoek! @ingnl @Kifid_Den_Haag @AutoriteitFM @Consumentenbond @AutoriteitCM,1821881530769096726,,False,nl,30,0
nepjente,Fri Aug 09 10:24:10 +0000 2024,0,xoxo @ingnl,1821854982292885872,1821574768790999474,True,en,112,0
LennSmit,Fri Aug 09 10:08:57 +0000 2024,0,HA @ingnl ik heb een pas gevonden.. en nee die ga ik niet opsturen of wat dan ook. Ik kan via PB het pasnummer doorgeven en dan kijken jullie maar üòÉ,1821851149839855846,,False,nl,74,0
kramer_gea,Fri Aug 09 10:06:10 +0000 2024,0,@ingnl Is dit echt dan?,1821850450024452601,1821848576613388347,True,nl,59,0
jawst97,Fri Aug 09 08:19:35 +0000 2024,0,"@ingnl Zeker, maar het probleem zit er nu all√©√©n in dat de app niet gelooft dat √≠k m'n rijbewijs heb gescand ipv iemand anders, niet in het rijbewijs zelf üòå Ik ga het proberen en dat lukt vast wel, maar ik ga geen moeilijke afspraak maken om het fysiek te komen doenü´†",1821823628914110794,1821822073682931903,True,nl,57,0
jawst97,Fri Aug 09 07:59:42 +0000 2024,0,"@ingnl Ik kan idd ook m'n paspoort eens opgraven maar ik zie alweer aankomen hoe dit gaat, het zal weer niet lukken en uiteindelijk zit √≠k met de shit. Waar is dit ineens voor nodig? Jullie kennen me sinds ik 7 ben ofzoüòÖ",1821818623620509971,1821818129195913227,True,nl,43,0
Joceansss,Fri Aug 09 07:51:33 +0000 2024,0,problemen met mijn ING rekening &amp; ik moet steeds maar met een robot praten die mij niet eens het juiste advies kan geven üß° @ingnl jullie klantenservice is echt meer dan ruk,1821816572949708808,,False,nl,110,0
jawst97,Fri Aug 09 07:40:04 +0000 2024,0,@ingnl ?,1821813683279819210,1820375533231743183,True,qam,35,0
TwggyTV,Fri Aug 09 06:36:36 +0000 2024,0,@ingnl Ja het is gelukkig opgelost bedankt voor het antwoorden!,1821797710493634686,1821789875491790965,True,nl,44,0
BergVincentvd,Fri Aug 09 06:02:31 +0000 2024,2,@bitreet @ingnl Ja weet ik. Maar dat vergeet ik nu even.üòâ,1821789132932186599,1821775157138006405,True,nl,361,0
bitreet,Fri Aug 09 05:06:59 +0000 2024,2,"@BergVincentvd Dit is geen kadootje van @ingnl, dit is een correctie omdat ze je opgelicht hebben in het verleden.",1821775157138006405,1821573787219067230,True,nl,416,0
Keith__REDMOND,Thu Aug 08 20:58:46 +0000 2024,0,@MartinAmmerlaan @ingnl You don‚Äôt need to do a #FATCA filing and you don‚Äôt need an SSN. You are making no sense. #FATCA #RBT,1821652295458677214,1821555770904736204,True,en,61,0
TwggyTV,Thu Aug 08 19:06:02 +0000 2024,0,@ingnl is er nou storing? https://t.co/Wf2kTVwaKM,1821623925773897861,,False,en,48,0
rrwwm,Thu Aug 08 16:51:17 +0000 2024,0,@ingnl Dank. Rente dus jaarlijks !!!,1821590013131546876,1821589122198196645,True,nl,13,0
rrwwm,Thu Aug 08 16:21:54 +0000 2024,0,@ingnl we krijgen geen rente meer op onze oranje spaarrekening. Er staat wel saldo op. Klopt dit!,1821582617587966389,,False,nl,55,0
MartinAmmerlaan,Thu Aug 08 14:35:13 +0000 2024,0,"Voor FATCA aangifte is een SSN nodig.  Voor een SSN is een origineel geboorte akte nodig. Die moet uit de VS komen, en kan alleen betaald worden met een CC. Ze heeft geen CC.  Voor de aanvraag van een CC moet de #FATCA aangifte gedaan zijn.   Hoe breken we hier uit? @ingnl",1821555770904736204,,False,nl,125,0
notyourcupofme,Thu Aug 08 13:57:56 +0000 2024,0,@ingnl Dat heeft geen zin. Het is voor de buren die uit Irak komen. Daarrvoor is het te ingewikkeld (bij jullie) gok ik zo nadat we hier al een poos mee bezig zijn.,1821546389198803091,1821546014387429762,True,nl,65,0
notyourcupofme,Thu Aug 08 13:48:39 +0000 2024,0,@ingnl Nee want die mocht hij niet inzien en moet weer via een andere afdeling. Dus kunnen we zaterdag weer naar de vestiging waar ze eigenlijk weinig kunnen doen want desbetreffende afdeling gesloten. Dus zij schrijven de antwoorden maar op en sturen het maar door maandag.,1821544050974962124,1821541155198095663,True,nl,39,0
NelissenJurgen,Thu Aug 08 13:12:41 +0000 2024,0,@ingnl @voorzij Als ze bij jullie bankieren mag ik er toch vanuit gaan dat dit vertrouwd is?,1821535002334486544,1821508323818016906,True,nl,45,0
JustAnitaB,Thu Aug 08 13:07:49 +0000 2024,1,@quintytamara @GerardReijman @ingnl Ik heb liever een gerecyclede pas dan cola üòÇ,1821533774858928316,1821502135843910043,True,nl,19,0
mopsyflopsy,Thu Aug 08 13:01:08 +0000 2024,0,@ingnl Mijn betaalpas is kennelijk laatst beschadigd in een pinautomaat. Sindsdien hapert hij regelmatig. Net gebeld met ING om te vragen of mijn pas kan worden vervangen. Ja dat kan maar dat moet ik zelf betalen?! Waar betaal ik dan elke maand voor?! Pas vertoont geen schade.,1821532096285851917,,False,nl,56,0
quintytamara,Thu Aug 08 11:02:05 +0000 2024,0,"@GerardReijman @ingnl Prima, mijne was bijna over datum. Maar kondig dan niet trots aan dat hij van gerecycled plastic is gemaakt.   Hoeveel plastic hebben we het over? Een halve liter cola?",1821502135843910043,1821501011925643515,True,nl,43,0
GerardReijman,Thu Aug 08 10:57:37 +0000 2024,0,@quintytamara @ingnl Hij blijft gewoon geldig tot de geldigheidsdatum wat op je betaalpas staat. Wat @ingnl nu doet is de oude voorraad V-Pay en Maestro kaarten opmaken voordat de nieuwe Visa en Mastercard debet kaarten worden uitgegeven.,1821501011925643515,1821481479425212911,True,nl,33,0
quintytamara,Thu Aug 08 09:40:00 +0000 2024,0,@ingnl Maar nu krijg ik dus een pas die binnenkort alweer vervangen moet. Dus twee keer plastic. Of het nou gerecycled is of niet.,1821481479425212911,1821479881915384160,True,nl,28,0
NelissenJurgen,Thu Aug 08 09:27:40 +0000 2024,0,@voorzij @ingnl is dit vertrouwd? Kan ik wel gift doen?,1821478373119377726,1821300727534309559,True,nl,48,0
ahmedalbarzangi,Thu Aug 08 09:15:08 +0000 2024,0,@ingnl kan ik door jullie teruggebeld worden omtrent het wijzigen van mijn creditcard limiet? Via de app / website / chat √©n telefoon lukt het niet omdat jullie software bepaald heeft dat het 'niet mogelijk' is en die uitkomst is bindend?,1821475221993300449,,False,nl,59,0
quintytamara,Thu Aug 08 08:45:37 +0000 2024,1,"Hoi @ingnl , nou krijg ik een nieuwe betaalpas. En jullie zijn er blijkbaar nogal trots op dat hij van gerecycled plastic is.   Maar het is een V-Pay pas, terwijl Maestro en V-Pay worden afgeschaft, ten gunste van Maestro-debit en Visa-debit. Moet dus binnenkort weer een nieuwe. https://t.co/MBz2QM9YRK",1821467792626913372,,False,nl,118,0
Geert_Alma,Thu Aug 08 07:14:02 +0000 2024,0,@Rabobank @ABNAMRO @ingnl   https://t.co/nUtyoBscIg,1821444744028848554,,False,qme,9,0
MinetteH66,Wed Aug 07 14:06:26 +0000 2024,0,"@ingnl Okay, ik zit dus iedere keer dat ik de app open met 2 van die ongewenste spamberichten... serieus, kijk eens naar een fatsoenlijke bankapp, zoals die van de Rabobank bijvoorbeeld, gewoon feiten, geen nonsens.",1821186138578534649,1821185601841828253,True,nl,29,0
MinetteH66,Wed Aug 07 13:53:42 +0000 2024,0,"@ingnl Je bedoelt met ""deels uitzetten"" dat het geen persoonlijke aanbiedingen zijn? Dat staat al uit. Ik open de bankieren app om te bankieren of mijn saldo wil checken, ik betaal voor mijn rekening, hoezo moet ik dan alsnog tegen een pagina vol ongewenste reclame aankijken? https://t.co/0mTS02Kcd8",1821182937083343278,1821134071356907991,True,nl,76,0
DvOijen,Wed Aug 07 13:19:44 +0000 2024,2,Stop greenwashing palm oil company Socfin in the @RSPOtweets .   2‚É£7‚É£ organisations call upon RSPO members @ingnl @ABNAMRO @Rabobank @Robeco @HSBC @ANZ_AU @BNPParibas @StanChart @UBS to act:  üëâ https://t.co/a8FkVJPiCp,1821174385946063191,,False,en,67,0
JuanvanGinkel,Wed Aug 07 12:25:19 +0000 2024,0,@Consumentenbond @ingnl Laat mij raden de pinpas van de bank valt hier niet onder!?,1821160692046500070,1821139511750930689,True,nl,65,0
Consumentenbond,Wed Aug 07 11:01:09 +0000 2024,0,"@JuanvanGinkel @ingnl Nee, dat is ook niet toegestaan: https://t.co/askRnvBhau. ^Wendy",1821139511750930689,1820896331969523777,True,nl,20,0
MinetteH66,Wed Aug 07 09:37:47 +0000 2024,0,"@ingnl hi, hoe verwijder ik die reclame uit de app? En dan bedoel ik die ongevraagde nonsens  die jullie er zelf in zetten, over verduurzamen van mijn huis en dergelijke. Telkens direct op ""verwijderen"" klikken werkt niet.",1821118531133374649,,False,nl,87,0
yvon_valk,Wed Aug 07 07:41:08 +0000 2024,1,"Ja, gaat de media ooit nog eens achter dit verhaal aan?  Waar is de 200 MILJARD die @PGGMnieuws en @abppensioen hebben moeten dokken om de @ingnl te redden? Ten tijde van @jpbalkenende en Bos en @DNB_NL @RaadvanState @AFM Wellink enz enz In dit boek !",1821089175912775740,,False,nl,57,1
matvd,Tue Aug 06 21:35:48 +0000 2024,0,@ingnl Dat is precies wat ik bedoel. Klantenservice van niets.,1820936839382901128,1820341226693955670,True,nl,6,0
JuanvanGinkel,Tue Aug 06 18:54:50 +0000 2024,0,@ingnl Er is geen consument die akkoord zou gaan met een garantietermijn van 6 maanden op een product wat probleemloos jaren mee hoort te gaan of wel @Consumentenbond !?,1820896331969523777,1820823326983328057,True,nl,42,0
JuanvanGinkel,Tue Aug 06 13:55:14 +0000 2024,0,"Als je pinpas stuk gaat en is ouder dan 6 maanden moet je hem zelf betalen (4,50‚Ç¨). Serieus @ingnl  !? #duurder en #minderservice",1820820933734535398,,False,nl,127,0
edk013,Tue Aug 06 11:58:38 +0000 2024,0,@ChampPrivate @ChrisColijn @ingnl Ok. Dat snap ik ook wel. Nou moet ik zeggen dat de nogal frequente storingen in de app (ben inmiddels bijna 2 jaar weg) ook niet hielpen.,1820791592095007168,1820790686603473063,True,nl,26,0
ChampPrivate,Tue Aug 06 11:55:02 +0000 2024,1,@edk013 @ChrisColijn @ingnl Het is wat ingewikkelder dan dit. ING was niet snel genoeg weg (hun schuld) en inmiddels heeft rusland wetgeving ingevoerd dat 100% vertrekken vrijwel onmogelijk maakt.,1820790686603473063,1820789368967078281,True,nl,38,0
edk013,Tue Aug 06 11:49:48 +0000 2024,0,@ChampPrivate @ChrisColijn @ingnl Nou ik krijg niet de indruk dat ze heel veel haast maken. En Yellen ook niet: https://t.co/UpQJHMQCkI,1820789368967078281,1820788219526459609,True,nl,27,0
ChampPrivate,Tue Aug 06 11:45:14 +0000 2024,0,"@edk013 @ChrisColijn @ingnl ING doet nog zaken in rusland (waar het simpelweg niet onderuit kan), inderdaad.   ING is al 30 jaar en nog steeds actief in Oekra√Øne als 1 van grootste buitenlandse banken waar vele andere UA verlieten tussen 2104-2023.",1820788219526459609,1820786532879409291,True,nl,45,0
SNSBank,Tue Aug 06 11:44:36 +0000 2024,2,@edk013 @ChampPrivate @ChrisColijn @ingnl @edk013 Van harte welkom üåª ^Simone,1820788058200875486,1820786532879409291,True,nl,101,0
edk013,Tue Aug 06 11:38:32 +0000 2024,2,@ChampPrivate @ChrisColijn @ingnl ING doet ook nog zaken in Rusland toch? Ik ben om die reden overgestapt naar SNS.,1820786532879409291,1820781127478509774,True,nl,106,1
ChampPrivate,Tue Aug 06 11:17:03 +0000 2024,1,"@ChrisColijn @ingnl  is such a pain in the ass, this happens 2 out of 3 times using a ING issued Credit Card when paying into Ukraine.  Can you please lift your restrictions when one pays into very safe MonoBank? I see no reasons for blocking this. https://t.co/noj849QhaY",1820781127478509774,1820779889252876779,True,en,52,0
MaartenFrijlink,Tue Aug 06 11:12:27 +0000 2024,0,Van de @ingnl website (https://t.co/wT0HTNyseu) en je moet dit maar durven te plaatsen. ING is √©√©n van de belangrijkste financiers van Glecore en nadrukkelijk w√©l betrokken bij dit gewetenloze bedrijf.  https://t.co/fD1ZHOE8v4  https://t.co/S5keww41H6 https://t.co/o6GPgMspQx,1820779966075650418,,False,nl,28,0
RudiD01123981,Tue Aug 06 09:36:55 +0000 2024,0,"@yvon_valk @NOS @NOScommunicatie @nosnieuws @abppensioen @ingnl @jpbalkenende @DNB_NL Pure volksverlakkerij, de geschiedenis herhaalt zich (40-45). Walgelijk volk",1820755928087412796,1820750009119178929,True,nl,11,0
LonnekeK,Tue Aug 06 09:29:10 +0000 2024,0,@ingnl En dat is het hele probleem. Als je belt krijg je een computer en die pikt alleen het woord kinderrekening eruit en moet online worden afgesloten en vervolgens wordt de verbinding verbroken. Ik hoop dat je chat me nu verder brengt.,1820753974841979264,1820753513300754566,True,nl,79,0
LonnekeK,Tue Aug 06 09:18:39 +0000 2024,0,"@ingnl ik probeer een kinderrekening te openen. Dit gaat tot 3 keer toe niet. Melding: oeps er ging iets mis. Ik wil telefonisch contact. Lukt niet, want robot hoort mijn vraag niet goed. Conclusie verbinding verbroken. Heel irritant!!",1820751329595167148,,False,nl,85,0
stijnhommes,Tue Aug 06 09:17:03 +0000 2024,0,"@ingnl Als jullie een mail kunnen sturen dat er een bericht in de onnodige inbox staat, dan kunnen jullie ook gewoon het bericht zelf versturen.",1820750928523280799,1820703787960442929,True,nl,92,0
stijnhommes,Tue Aug 06 09:15:50 +0000 2024,0,"@ingnl Ik heb al genoeg inboxen. Een extra inbox is totaal overbodig en helemaal niet gewoon. Anders loopt bij deze jullie communicatie met voortaan ""gewoon"" via de inbox van Telegram die ik net zo willekeurig heb gekozen als jullie.",1820750618543223156,1820703787960442929,True,nl,17,0
yvon_valk,Tue Aug 06 09:13:24 +0000 2024,1,"@NOS @NOScommunicatie @nosnieuws  NIETS HOREN WE VAN JULLIE ! Niet van de WEF, niet van de banken, niet van de smerige bankenfraude... NIETS ! https://t.co/YIr4tbCdHo 200 MILJARD van @abppensioen om de @ingnl te redden. Bos, @jpbalkenende @DNB_NL  Doodstil !",1820750009119178929,,False,nl,34,1
Joostnietsmeer,Mon Aug 05 21:49:10 +0000 2024,0,@ingnl Ik laat mijn e-mailadres niet achter gezien spamberichten.,1820577815311548504,1819025602671743022,True,nl,18,0
stijnhommes,Mon Aug 05 21:39:03 +0000 2024,1,"@ingnl @Joostnietsmeer Als een bericht zo belangrijk is dat een klant deze niet mag missen, dan moet je hem niet in de app verstoppen. Gewoon netjes een papieren brief of email sturen met de volledige informatie.",1820575268286927331,1819025602671743022,True,nl,70,0
stijnhommes,Mon Aug 05 21:32:29 +0000 2024,0,@ingnl Waarom stopt ING met ondersteuning contactloos betalen in eigen app? De ontwikkelaars hoeven alleen de ondersteuning niet verwijderen. Google is niet te vertrouwen met mijn geld en ik begin langzaam aan te twijfelen aan de betrouwbaarheid van ING met dit soort acties.,1820573616662368603,,False,nl,18,0
Andriyiyi,Mon Aug 05 20:36:39 +0000 2024,0,@dedhr1 @SNSBank @ABNAMRO @ingnl @Rabobank @DNB_NL @ecb @IMFNews Nu alleen nog je Nederlants.,1820559566926500319,1820336105264165091,True,nl,51,0
RidefelyxP,Mon Aug 05 17:59:04 +0000 2024,0,@ingnl Dank je wel Margreet. Ik had het incognito venster ontdekt in andere reacties van ing. Inmiddels doet alles het weer gewoon.,1820519910508007605,1815713558019109350,True,nl,76,0
AndreVos107,Mon Aug 05 15:17:35 +0000 2024,0,@ingnl Doet het weer!! Net op tijd,1820479269228909026,1820478284318314793,True,nl,19,0
AndreVos107,Mon Aug 05 15:13:40 +0000 2024,0,@ingnl ik kan geen order meer plaatsen in de belegging appüò≠ Ook is mijn watchlist verdwenen.,1820478284318314793,,False,nl,24,0
arzubarsk,Mon Aug 05 15:03:14 +0000 2024,0,"@ingnl well i tried twice, in both case it displays a bug, ll dm the scrshots",1820475659359244366,1820475388562178328,True,en,25,0
arzubarsk,Mon Aug 05 14:46:05 +0000 2024,0,"@ingnl  Your Belegging watchlist has a technical bug, same stock code repeats endlessly in the listing, nobody noticed yet?",1820471342057291892,,False,en,93,0
nesta_red,Mon Aug 05 14:42:51 +0000 2024,0,@dedhr1 @SNSBank @ABNAMRO @ingnl @Rabobank @DNB_NL @ecb @IMFNews https://t.co/x4fWKkBPx3,1820470528953729314,1820336105264165091,True,qme,74,0
dedhr1,Mon Aug 05 14:37:19 +0000 2024,1,@mouwie68 @SNSBank @ABNAMRO @ingnl @Rabobank @DNB_NL @ecb @IMFNews Ja en fors ook‚Ä¶12 % in 1 dag,1820469138076348475,1820338373250163152,True,nl,48,0
Merano_may,Mon Aug 05 10:31:42 +0000 2024,1,@ingnl @Gera_Zweep Als verder klikt krijg je dit...  Houd je betaalpas bij de hand  Zo helpen we je snel verder....  Zucht....,1820407326844571949,1820406370883006877,True,nl,105,0
Merano_may,Mon Aug 05 10:27:54 +0000 2024,3,@ingnl @Gera_Zweep Oh dat is een zeer sympathieke reactie. Hopelijk krijg je t snel voor elkaar Gera. Dit is nu te veel onrust!. Thnx @ingnl,1820406370883006877,1820402055464223194,True,nl,135,0
jawst97,Mon Aug 05 08:25:22 +0000 2024,0,"@ingnl Dit is een grapje toch? Mijn rijbewijsfoto is gemaakt met exact hetzelfde apparaat als waar jullie app op staat, dat was nl ook een selfie, niet in een pashokje. Zoek het lekker uit üòÖ",1820375533231743183,1820374817209524547,True,nl,52,0
jawst97,Mon Aug 05 07:55:03 +0000 2024,0,"@ingnl Ah, dus ik moet weer terug het fotohokje in om een selfie te maken? ü´†",1820367901250990127,1820365802060513545,True,nl,135,1
jawst97,Mon Aug 05 07:38:43 +0000 2024,0,"@ingnl Oeh, good to know! Maar eigenlijk was mn tweet daarvoor meer voor jullieüòù",1820363794012426343,1820342497517646245,True,nl,101,0
mouwie68,Mon Aug 05 05:57:43 +0000 2024,0,@dedhr1 @SNSBank @ABNAMRO @ingnl @Rabobank @DNB_NL @ecb @IMFNews Nikkei!,1820338373250163152,1820336105264165091,True,nl,70,0
dedhr1,Mon Aug 05 05:48:42 +0000 2024,3,DE AANDELEN BEURZEN GAAN CRASHEN ZOALS IK REEDS HAD VOORSPELT MAAR JA DE ‚ÄúSEPECIALISTEN‚Äù WISTEN HET BETER TOCH ‚Ä¶@SNSBank @ABNAMRO @ingnl @Rabobank @DNB_NL @ecb @IMFNews ‚Ä¶..watch the next weeks what will happen‚Ä¶..,1820336105264165091,,False,nl,204,1
Fida3i,Sun Aug 04 21:29:31 +0000 2024,0,@ingnl @ABNAMRO   Jullie hebben bloed aan jullie handen ...  #gaza  #wesrbank  #Isra√´l  #Paris2024,1820210482302550486,,False,nl,136,0
Marijn541,Sun Aug 04 18:35:00 +0000 2024,0,Weet iemand of de @ingnl de rente nog gaat verhogen anders stap ik over.Wie heeft dat al gedaan overstappen voor een betere #rente ?,1820166562147614846,,False,nl,14,0
jawst97,Sun Aug 04 18:32:16 +0000 2024,0,@ingnl Hoi! De app vraagt ineens om bevestiging van identiteit door ID te scannen en een discoselfie te maken. Rijbewijs lukt prima maar de app heeft bril niet op en zegt dat ik niet degene op de selfie ben. Wat nu?,1820165875107770530,,False,nl,22,0
Fijnweer,Sat Aug 03 23:00:48 +0000 2024,0,@ingnl @Consumentenbond @Kifid_Den_Haag @AutoriteitFM Dus?,1819871065234907384,1819186672115868024,True,und,56,1
matvd,Sat Aug 03 18:56:46 +0000 2024,0,@ingnl gewoon niemand bereikbaar in het weekend in me te helpen met mijn credit card. Bel maandag maar terug. Wat een klantenservice van niets,1819809654760701964,,False,nl,66,0
BMW2002Dakar,Sat Aug 03 18:38:32 +0000 2024,0,@ouwezweveraar @FDF_Nederland @ingnl @Rabobank Hoop dat deze boerderij het goed gaat doen.  https://t.co/ngrkfWHTLV,1819805063243501736,1819635591446679754,True,nl,21,0
IsLamprou,Sat Aug 03 10:38:16 +0000 2024,0,@ingnl Tja die gaat er niet direct zijn en dan zit ik wederom met een fysieke pas die ik liever niet heb üòâ Zou mooi zijn als we een keer echt naar volledig digitaal kunnen; ipv alleen contactloos pinnen met een kaart.,1819684201374896466,1819631367983972701,True,nl,120,0
PietOverduin,Sat Aug 03 08:16:46 +0000 2024,0,"@ingnl Natuurlijk heb ik dat geprobeerd, want gebruikersnaam is bekend. Maar bij aanvragen nieuw wachtwoord moet ik dat bevestigen met de app, die niet werkt‚Ä¶.. 5 dagen wachten is met morgen de betaling van de camping, geen alternatief. Wat wel?",1819648592803504196,1819643177533395163,True,nl,95,0
Arjenmk,Sat Aug 03 07:29:06 +0000 2024,0,@ingnl Vertel dat uw klantenservice maar. Die houden vol dat ik naar een servicepunt moet. Maar goed goede reden om ING te verlaten met dit klantvriendelijke gedrag.,1819636594996826570,1818693046461952328,True,nl,67,0
ouwezweveraar,Sat Aug 03 07:25:06 +0000 2024,0,"@FDF_Nederland Jammer dat vooral kleine boeren stoppen, @ingnl en @Rabobank hebben het niet goed op met de boeren, agroindustrie en BBB ook niet. Dienen belang van grote held maar niet die van kleine boer die we juist nodig hebben voor het extensiveren. 2/3 minder vee/boeren in Brabant üéâüéâüéâ",1819635591446679754,1819447278165545448,True,nl,34,0
Rendra_Bagas,Sat Aug 03 07:23:52 +0000 2024,0,"@ingnl hi, i can‚Äôt use my card to pay by tapping anymore (since early July i think), but inserting the card works fine. Any way to fix this, or i have to replace the card?",1819635277951844550,,False,en,68,0
IsLamprou,Sat Aug 03 01:37:45 +0000 2024,0,"@ingnl Fysieke betaalpas heb ik al heel lang niet meer, alles gaat via Apple Pay/overmaken. Garage komt ermee dat ik contact moet betalen. Ook bij een van jullie kantoren opnemen lijkt tegenwoordig geen mogelijkheid meer.",1819548174459007178,1819364534546465276,True,nl,85,0
Damonrich2024,Fri Aug 02 22:41:22 +0000 2024,0,"https://t.co/yPfbWlok3N   Waarom @ingnl is er weer storing, ik probeer al 10x en krijg steeds die mannetjes van "" Sorry, er is iets misgegaan ""   ü§¨ #storing #internetbankieren #ing #irritant",1819503788627210242,,False,nl,43,0
1aserspew,Fri Aug 02 22:23:13 +0000 2024,1,Bedankt @ingnl üî•,1819499222523355152,,False,nl,19,0
FeddeMonsma,Fri Aug 02 14:34:49 +0000 2024,0,"@ingnl Echt, ING? Drie kwartier in de chat met drie verschillende medewerkers aan wie ik tenminste twee keer mijn probleem heb moeten uitleggen en dan de chat maar voor sluitingstijd afsluiten zonder oplossing. #fail https://t.co/9S7Sda7j98",1819381342347362543,,False,nl,79,0
IsLamprou,Fri Aug 02 13:17:51 +0000 2024,0,@ingnl Waarom ligt de cashcode limiet op ‚Ç¨100 per dag? Er zijn tegenwoordig weinig dingen meer die je  kan kopen voor dat bedrag.  Met dit tempo moet ik 6 dagen wachten voor ik de reparatie van mijn auto kan betalen (die morgen klaar staat).,1819361972921438640,,False,nl,161,0
willemjanvv,Fri Aug 02 12:38:00 +0000 2024,0,@ingnl Dankjewel!,1819351944164487540,1819296871954694649,True,nl,87,0
Fischer0508,Fri Aug 02 12:09:17 +0000 2024,1,"@telegraaf Zwarten die in Nederland wonen, willen niet dat de blanke bevolking krimpt. @2eKamertweets @telegraaf @geertwilderspvv @MaximaKoningin_ @Koning_NL @dreynders @MonarchieBe @HartvNL @ingnl @HartvNL @TUINederland",1819344718578213312,1819239413894795419,True,nl,7,1
Wftproof,Fri Aug 02 09:55:13 +0000 2024,0,@Peter9440818582 @ABNAMRO @ingnl Staat gewoon in de jaarrekening.,1819310980175675819,1819299977492897844,True,nl,30,0
Peter9440818582,Fri Aug 02 09:11:30 +0000 2024,0,"Wat is de exposure van banken in #Nederland naar banken in #Japan?  Banken crisis in Japan, Hallo @ABNAMRO  @ingnl   exposure???",1819299977492897844,,False,nl,75,0
JournalistCisca,Fri Aug 02 08:59:14 +0000 2024,2,@RonPeppenster @MvanGaal2 @telegraaf @ingnl De Wereldbank‚Ä¶ ü§îü§îü§î https://t.co/SWeJLQSImp,1819296890707489040,1819244242994102416,True,nl,22,0
willemjanvv,Fri Aug 02 08:31:23 +0000 2024,0,"@ingnl Beste @ingnl, na dit eerdere heugelijke nieuws van Google Pay ondersteuning voor Android, zie ik helaas dat voor Smart Watches deze zelfde ondersteuning nog ontbreekt. Enig idee wanneer jullie dit ondersteunen? Hoor graag!",1819289884600803709,1767466498044432465,True,nl,88,0
rxvdh83,Fri Aug 02 08:12:20 +0000 2024,0,"@ingnl Hi, is er een soort continu storing in het systeem/systemen die inzicht geven in je bouwdepot? Kom er al weken maar heel af en toe in. Toch jammer dat zo een cash cow dan niet de liefde krijgt...",1819285087516516367,,False,nl,52,0
noworrienow1970,Fri Aug 02 07:44:34 +0000 2024,0,Topman ING: ‚ÄôRente voor onze spaarders is niet te laag‚Äô https://t.co/jTET6wMctW #telegraafpremium via @Telegraaf HET LEGAAL BEROVEN van je KLANTEN @ingnl @StevenvRijswijk winst extreem toegenomen ü§¨BANKEN monopolie ü§¨#Olympia2024 #Oranjezomer,1819278101450199093,,False,nl,95,0
Sylverflier,Fri Aug 02 06:32:02 +0000 2024,0,"en dus geven AL onze bankrn ons over aan googlepay @SNSBank @ingnl @Rabobank  Philips-tv komt met eigen besturingssysteem, ‚ÄôGoogle is te machtig‚Äô #telegraafpremium via @Telegraaf https://t.co/00hd9S11L5",1819259846371217564,,False,nl,60,0
GerritASmit,Fri Aug 02 05:35:44 +0000 2024,0,@ingnl Wanneer gaan jullie fatsoenlijke spaarrente hanteren?,1819245680096948352,,False,nl,14,0
RonPeppenster,Fri Aug 02 05:30:02 +0000 2024,1,@MvanGaal2 @telegraaf @ingnl Ik ken ook geen goede bankü§î en ja ook ik ben op zoek naar een beter rendement. Wie van de tweeps  heef hier een goede tip?,1819244242994102416,1819243780844683316,True,nl,18,0
MvanGaal2,Fri Aug 02 05:28:11 +0000 2024,1,"@RonPeppenster @telegraaf Rente niet te laag Steven van Rijswijk (geen X?) @ingnl? Ben al een tijdje op zoek naar een andere bank want voel me belazerd! Kom er niet goed uit, dus suggesties meer dan welkom!",1819243780844683316,1819230709388603833,True,nl,23,0
Fijnweer,Fri Aug 02 01:41:16 +0000 2024,1,"@ingnl @Consumentenbond @Kifid_Den_Haag @AutoriteitFM Nee, dat is niet zo. Bij de laatste stap komen we in de systeeminstellingen van de telefoon. Veranderen we die, dan geldt dat voor alles op de telefoon, niet alleen voor de app.",1819186672115868024,1818891137416921528,True,nl,19,0
tuckfwitterz,Thu Aug 01 19:56:36 +0000 2024,0,AML/ATF?? üòÇ  @ABNAMRO @ingnl @Rabobank  https://t.co/0mZlhGVSOJ,1819099937164099698,,False,en,108,0
Shikra145,Thu Aug 01 17:19:30 +0000 2024,0,"Wel zeker, en jullie tarieven veel te hoog. Topman @ingnl : ‚ÄôRente voor onze spaarders is niet te laag‚Äô https://t.co/BfCWdIVT6u via @telegraaf",1819060398383153195,,False,nl,6,0
Butchi,Thu Aug 01 15:06:40 +0000 2024,0,@ytekedejong @ingnl @ecb @DNB_NL @ABNAMRO @AutoriteitCM @Consumentenbond @ANWBverkeer @telegraaf Inkomen van v Rijswijk niet te hoog.,1819026972611117089,1819008199531594114,True,nl,34,0
Luchtvaartvolg1,Thu Aug 01 14:51:39 +0000 2024,0,"@ytekedejong @ingnl @ecb @DNB_NL @ABNAMRO @AutoriteitCM @Consumentenbond @ANWBverkeer @telegraaf Nee, als je je spaargeld bij ING laat staan, vind je het kennelijk genoeg.  Bij een andere instelling krijg je met gemak 2x zoveel rente.",1819023192763109516,1819008199531594114,True,nl,47,0
Lis_1D_5SOS,Thu Aug 01 14:50:55 +0000 2024,0,@ingnl De puntenwinkel krijg ik niet te pakken. Aangezien de eerste 5 min bezig met een keuzemenu... is er nog een manier om een antwoord te krijgen? üòÖ,1819023005692879185,1819009181510201807,True,nl,75,0
Joostnietsmeer,Thu Aug 01 14:29:10 +0000 2024,0,@ingnl sinds wanneer moet ik mijn e-mail adres geven? Als jullie iets willen doorgeven kunt U dit in de app zelf ook doen.,1819017534101721267,,False,nl,186,0
Palsenberg,Thu Aug 01 14:26:48 +0000 2024,0,@GoijartsRhianna @chrisklomp @vrijheidalice @ingnl @Kifid_Den_Haag @jndkgrf Wat heeft die ermee te maken ?,1819016938539950499,1818999221543956649,True,nl,13,0
Palsenberg,Thu Aug 01 14:24:50 +0000 2024,0,"@GoijartsRhianna @chrisklomp @vrijheidalice @ingnl @Kifid_Den_Haag @jndkgrf Nee, en ze is alles behalve Russisch. Heel slim ben je niet, of wel ?",1819016445281370599,1818999482568032679,True,nl,7,0
Chrisleenders1,Thu Aug 01 14:05:46 +0000 2024,0,Wij van WC-eend @ingnl ü§¶‚Äç‚ôÇÔ∏è,1819011644338434151,,False,nl,17,0
SamvanSeeren,Thu Aug 01 13:59:15 +0000 2024,0,Topman van @ingnl Steven van Rijswijk vindt rente voor zijn klanten niet te laag. Ze verdienen blijkbaar nog niet genoeg aan hun klanten #rente #ING @ING_news https://t.co/Evs9Ooq2mY,1819010005334364504,,False,nl,47,0
rvandenhoff,Thu Aug 01 13:58:53 +0000 2024,0,@ytekedejong @ingnl @ecb @DNB_NL @ABNAMRO @AutoriteitCM @Consumentenbond @ANWBverkeer @telegraaf ü§£ü§£ü§£ü§£,1819009912661266849,1819008199531594114,True,qme,48,0
jacobantonie,Thu Aug 01 13:54:25 +0000 2024,5,Bij de meeste andere banken ben je als spaarder beter af dan bij de @ingnl. Maar het salaris van deze ING ‚Äòtopman‚Äô schijnt w√©l hoger te zijn dan bij andere banken‚Ä¶   Topman ING: ‚ÄôRente voor onze spaarders is niet te laag‚Äô https://t.co/xvO7SMq5ce #telegraafpremium via @Telegraaf,1819008789376385164,,False,nl,77,0
ytekedejong,Thu Aug 01 13:52:04 +0000 2024,0,Topman ING: ‚ÄôRente voor onze spaarders is niet te laag‚Äô @ingnl @ecb @DNB_NL @ABNAMRO @AutoriteitCM @Consumentenbond @ANWBverkeer  https://t.co/V6eBvgxWB6 via @telegraaf,1819008199531594114,,False,nl,604,0
Lis_1D_5SOS,Thu Aug 01 13:50:43 +0000 2024,0,"@ingnl Uhm dat is niet helemaal mijn vraag. Tot wanneer loopt de actie, tot aanner kan ik die kortingsvoucher bestellen?",1819007858731622734,1819005400533872672,True,nl,57,0
janusvm,Thu Aug 01 13:34:13 +0000 2024,0,@ingnl Kan ik wel met mijn creditcard van ing draadloos betalen met mijn smartwatch via Google wallet?,1819003703765999664,1800579840195613074,True,nl,111,0
Lis_1D_5SOS,Thu Aug 01 13:28:17 +0000 2024,0,"Hoi @ingnl  Tot wanneer loopt de tijdelijke actie,van de ING puntenwinkel? Kan ik namelijk niet terugvinden https://t.co/x7JY6nq1it",1819002214322446423,,False,nl,107,0
PaulGJK,Thu Aug 01 13:25:00 +0000 2024,0,"@dft '@ingnl biedt donderdag 1,25% voor een tegoed tot ‚Ç¨100.000, terwijl het zelf een veel hoger percentage krijgt bij @ecb, de Europese Centrale Bank.'  #rente https://t.co/E2SecytkYf",1819001383997063546,1818994357690626357,True,nl,26,0
Palsenberg,Thu Aug 01 13:08:38 +0000 2024,0,@GoijartsRhianna @chrisklomp @vrijheidalice @ingnl @Kifid_Den_Haag @jndkgrf En blijf even lekker uit m'n DM.,1818997265496694823,1818995957138141384,True,nl,22,0
Palsenberg,Thu Aug 01 13:07:54 +0000 2024,0,@GoijartsRhianna @chrisklomp @vrijheidalice @ingnl @Kifid_Den_Haag @jndkgrf Cursusje Nederlands kan ik ook aanbevelen. Wel doen na het afkicken.,1818997081815572810,1818994923334414693,True,nl,14,0
Palsenberg,Thu Aug 01 13:06:28 +0000 2024,1,@GoijartsRhianna @chrisklomp @vrijheidalice @ingnl @Kifid_Den_Haag @jndkgrf https://t.co/N9PItI2NPE,1818996723244564702,1818994923334414693,True,qme,17,0
rockker73356793,Thu Aug 01 12:39:22 +0000 2024,0,"@ingnl ja help het kamelenvolk maar, maar dat doen jullie ook niet zonder 200% garantie. de rentes zijn belachelijk laag bij de nederlandse banken. via Raisin kan je eenvoudige buitenlandse rekeningen openen met staatsgarantie",1818989903742464272,1812775725357044079,True,nl,12,0
rockker73356793,Thu Aug 01 12:37:47 +0000 2024,1,"@Menno020 @ingnl die ing lul gelooft het zelf ook nog, en bijna overal heb je tot een ton staatsgarantie. via raisin is het een eitje een of meerdere buitenlandse rekeningen te openen",1818989504503464382,1818988248254890438,True,nl,13,0
LordKhurram1966,Thu Aug 01 12:34:39 +0000 2024,0,@KensingtonRoyal @federalreserve @ecb @bankofengland @BankofAmerica @IntlCrimCourt @ingnl @ING @ING_Economics,1818988715294749107,1818979208141422706,True,qam,4,0
Menno020,Thu Aug 01 12:32:48 +0000 2024,1,"Ha, ha. Spaarrente @ingnl met slechts 1,25% niet te laag volgens topman. Deze bank wel 1,4 miljard netto winst in 2e kwartaal. Dat vind ik als spaarder nou echt veel te hoog. #spaargeld #ING https://t.co/EnJXSThpD8",1818988248254890438,,False,nl,314,0
Palsenberg,Thu Aug 01 11:20:42 +0000 2024,0,"@GoijartsRhianna @chrisklomp @vrijheidalice @ingnl @Kifid_Den_Haag Ik weet niet aan welke drugs je zit, maar je kraamt complete onsamenhangende onzin uit.  Het kifid speelt geen rol, ING even min, en neem van mij aan @chrisklomp weet prima de weg in de rechtbank.  Daar heeft hij kinderen mishandelende retard @jndkgrf niet voor nodig.",1818970104769441825,1818951615837090273,True,nl,34,0
Palsenberg,Thu Aug 01 09:51:25 +0000 2024,0,@GoijartsRhianna @chrisklomp @vrijheidalice @ingnl @Kifid_Den_Haag Totaal niet relevant voor het topic.,1818947635211882860,1818938639256113534,True,nl,17,0
O_simple01,Thu Aug 01 08:48:14 +0000 2024,0,@StackingDao Thanks for the great opportunity ü•∞   @geeerold  @ingnl  @LEeeE,1818931734521499709,1818361012736966779,True,en,10,0
Palsenberg,Thu Aug 01 07:45:07 +0000 2024,0,@GoijartsRhianna @chrisklomp @vrijheidalice @ingnl @Kifid_Den_Haag En de relatie met deze zaak is.. wat ? En het kifid ? Enig idee wat die doen ?,1818915853582135807,1818762129073442851,True,nl,17,0
Mylife_,Thu Aug 01 07:01:16 +0000 2024,0,@Peter_v_Y @ingnl Het is een hot topic op het moment blijkbaar.,1818904816178934023,1818884570881642940,True,nl,32,0
pbttf,Thu Aug 01 06:42:33 +0000 2024,2,"@NOS De klanten van @ingnl ook niet. In ieder geval de spaarders die maar 1,2% krijgen terwijl de leners (hypotheek) al snel meer dan 4,5% betalen. Rood staan 14,9%",1818900108194222498,1818895528815436208,True,nl,103,1
Peter_v_Y,Thu Aug 01 05:40:49 +0000 2024,3,@Mylife_ @ingnl Ze bedoelen dat het loont voor de ING denk ik.,1818884570881642940,1818544127081881842,True,nl,59,0
WDuine,Wed Jul 31 23:25:52 +0000 2024,1,Hoeveel banken @ingnl @ABNAMRO @triodos zijn veroordeeld voor corruptie of zwartgeld? Hoe de waard is vertrouwd hij zijn gasten. Het gaat ze geen reet aan  wat mijn priv√© activiteiten zijn.,1818790212031725776,,False,nl,64,0
Fijnweer,Wed Jul 31 21:12:28 +0000 2024,0,"@ingnl @Consumentenbond @Kifid_Den_Haag @AutoriteitFM Nee, dat is niet zo. Ik wil alleen de app gewoon in het Nederlands, zoals het was v√≥√≥r de update, niet alle systeeminstellingen door elkaar, hetgeen gebeurt met uw advies.",1818756639148982457,1818531762802245652,True,nl,85,0
zwemvogel,Wed Jul 31 19:56:23 +0000 2024,0,@ingnl Dat zei jullie medewerker. Nou was het inmiddels een jaar maar de pas is 2x achter redelijk snel stuk gegaan. Met andere pasjes nooit last.  Hij zou 5 jaar mee moeten kunnen .....,1818737494793634013,1818719797535707523,True,nl,52,0
zwemvogel,Wed Jul 31 18:42:45 +0000 2024,0,@ingnl Nu gehad... Kennelijk is het maar 3 maanden dat je recht hebt op een nieuwe.,1818718964031299636,1817805198263206036,True,nl,56,0
zwemvogel,Wed Jul 31 18:36:17 +0000 2024,0,"@ingnl Nee, moet ik even doen. Zelfs te druk gehad om hier te lezen",1818717333671813424,1817805198263206036,True,nl,63,0
MichaelDelneij,Wed Jul 31 18:17:00 +0000 2024,0,@geldmaat @tomdehaas271 @ingnl Geldmaat is een kutbedrijf dat ipv de service biedt waar je dik voor betaald alleen maar met arrogante antwoorden komt. Het wordt tijd dat ze eens een keer flink op hun vingers worden getikt.,1818712481499418624,1818601547007201510,True,nl,20,0
Arjenmk,Wed Jul 31 16:33:13 +0000 2024,0,"@ingnl Heerlijk kant vriendelijk, geen rekening dan heb je pech. En veiligheid is onzin, ik kan wel adres wijzigen van de inboedelverzekering telefonisch maar niet mijn post adres. Als ik gene postnl verhuisservice had genomen had ik alle post van ING gemist‚Ä¶",1818686364109472108,1818553049444426086,True,nl,63,0
Poebie2404,Wed Jul 31 14:45:05 +0000 2024,0,@ingnl Laat maar. Ik zit in een revalidatiecentrum. Ik meld gewoon een fout in jullie app. Heb wel wat anders aan m‚Äôn hoofd,1818659153633530080,1818656887811752288,True,nl,70,0
Poebie2404,Wed Jul 31 14:17:54 +0000 2024,0,@ingnl App is up to date. De rest in de app doet het wel. Alleen aflossen niet. Ik ga de app dus niet verwijderen aangezien deze anders net zo hard uit de cloud wordt gehaald,1818652309863256478,1818649274260795418,True,nl,53,0
treessavethem,Wed Jul 31 14:11:11 +0000 2024,0,"@r04010659 @ingnl Waarom zit je bij die fucking criminele bank? Eigen schuld, ikke bult. Wie zijn billetjes heeft verbrand moet op de blaren zitten. Koop brandwonden gel!",1818650620644987022,1800813492011966816,True,nl,14,0
tomdehaas271,Wed Jul 31 14:09:34 +0000 2024,0,"@ingnl 2/2 Deze andere geldautomaat waar ik biljetten kan storten, is te ver weg en is dus geen optie.  Meer automaten zouden deze mogelijkheid (biljetten storten) moeten aanbieden, want dit is onacceptabel.",1818650212115599743,1818649781134135523,True,nl,28,0
tomdehaas271,Wed Jul 31 14:07:51 +0000 2024,0,@ingnl Zo vermoeiend dit. Ik sta tegen twee paar dovemansoren te praten. Geldmaat en ING. Lees je √ºberhaupt mijn reacties wel? Ik plaats er een link bij van locatiewijzer en dan krijg ik dit. 1/2,1818649781134135523,1818648168214429969,True,nl,33,0
Poebie2404,Wed Jul 31 13:59:29 +0000 2024,1,@ingnl wanneer kan ik eindelijk weer eens via de app aflossen op mijn lening? Ik wil er graag vanaf maar zo gaat dat natuurlijk niet. https://t.co/JzAHGMs2Lv,1818647676830830741,,False,nl,82,0
nielskolkman,Wed Jul 31 13:53:37 +0000 2024,0,"@ingnl Dat heb ik geprobeerd, maar welke keuze ik pak uit het keuzemenu, ik krijg niemand aan de lijn. Alleen continu verwijzingen naar de website.",1818646199269736609,1818645039993499878,True,nl,11,0
nielskolkman,Wed Jul 31 13:50:31 +0000 2024,0,"@ingnl Dat heb ik geprobeerd, maar welke keuze ik ook probeer, ik krijg niemand aan de lijn.",1818645420496592916,1818643485034955012,True,nl,50,0
mouwie68,Wed Jul 31 13:49:26 +0000 2024,0,@tomdehaas271 @geldmaat @ingnl Gewoon in een sok stoppen en contant betalen.,1818645147485130875,1818590085685633395,True,nl,11,0
tomdehaas271,Wed Jul 31 13:43:59 +0000 2024,0,"@geldmaat @ingnl 2/2 Het wordt tijd dat het bij meerdere automaten mogelijk is om geld te storten, in plaats van dit soort reacties te geven en gebruikers met deze standaardreacties af te wimpelen en de klacht niet serieus te nemen.",1818643776400728331,1818643302733717703,True,nl,25,0
nielskolkman,Wed Jul 31 13:42:50 +0000 2024,1,"@ingnl ik wil graag een afspraak maken, maar jullie website en telefoonnummer stuurt mij continu van website naar telefoon en vice versa, maar helaas zonder gewenst resultaat... Hoe kan ik een afspraak maken?",1818643485034955012,,False,nl,59,0
tomdehaas271,Wed Jul 31 13:42:06 +0000 2024,0,"@geldmaat @ingnl Daar was ik al lang van op de hoogte, en mede hierdoor valt het me op dat er vaker storingen zijn dan ik in eerste instantie dacht.  Bijna iedere keer als ik wil storten, staat deze op 0/1 beschikbaar, oftewel weer niet mogelijk om geld te storten. 1/2",1818643302733717703,1818620410163777708,True,nl,27,0
SoSaDaveX,Wed Jul 31 13:11:39 +0000 2024,0,@tomdehaas271 @geldmaat @ingnl Sowieso belachelijk dat je er zoveel voor moet betalen! En dan niet werken ook nog..  De aanval op cash moet stoppen! Het is een wettelijk betaalmiddel. Als bank moeten jullie zorgen voor goeie rente en met ons geld? Geld maken. En geen (Co2) onzin van de (R)overheid/EU promoten. https://t.co/EP7YBsiXDS,1818635639157313740,1818590085685633395,True,nl,13,0
HansQ4,Wed Jul 31 12:48:01 +0000 2024,0,@boszfather Denk goed dat de banken jouw een wat duurder tarief geven om deze extra werkzaamheden te dekken @ingnl en collega.,1818629689675501653,1818378410462150858,True,nl,4,0
Briesendpaard,Wed Jul 31 12:25:28 +0000 2024,1,@tomdehaas271 @geldmaat @ingnl Volgens mij is dat de vraag helemaal niet. Het gaat Tom er om dat de automaten waar je kunt storten vaak storingen vertonen.,1818624016514793547,1818606494092267923,True,nl,11,0
geldmaat,Wed Jul 31 12:11:08 +0000 2024,0,@tomdehaas271 @ingnl @tomdehaas271 @ingnl Via onze https://t.co/RRgQdbolXE kan je altijd zien of een automaat wel (bijvoorbeeld Biljetten storten 1/1) of niet (bijvoorbeeld Biljetten storten 0/1) beschikbaar is in jouw omgeving. Dat voorkomt verrassingen. ^RW,1818620410163777708,1818606901455663577,True,nl,37,0
DutchDisruption,Wed Jul 31 12:09:42 +0000 2024,0,is er weer storing bij @ingnl   #ing #ingbank #bank #ingnl https://t.co/kXaYAdEEP6,1818620048178626758,,False,nl,133,0
jankeesmeijer,Wed Jul 31 11:38:45 +0000 2024,0,@ingnl ik probeer ingelogd met computer in mijn ING geld over te maken. Krijg steeds de mededeling dat het niet lukt en advies om het later nogmaals te proberen. Is er een storing?,1818612257456025986,,False,nl,74,0
tomdehaas271,Wed Jul 31 11:28:05 +0000 2024,0,"@ingnl Niet altijd soepel verloopt? Het is een structureel probleem dat ik meestal geen geld kan storten via Geldmaat, terwijl het me 6 euro kost als het toevallig wel kan. Maar dat staat ook duidelijk in mijn post.",1818609576159101411,1818600539908669795,True,nl,50,0
tomdehaas271,Wed Jul 31 11:17:28 +0000 2024,1,@geldmaat @ingnl 2/2  Ik ben trouwens niet gediend van de brutaliteit en klantonvriendelijkheid die sommige van jullie vertonen. Totaal onprofessioneel.,1818606901455663577,1818606494092267923,True,nl,53,0
tomdehaas271,Wed Jul 31 11:15:50 +0000 2024,1,"@geldmaat @ingnl Dit artikel is een voorbeeld, en het moge duidelijk zijn dat het probleem nog steeds niet is opgelost, aangezien ik met regelmaat geen geld kan storten via Geldmaat zoals vandaag. Dus het artikel is niet alleen een voorbeeld, maar nog steeds actueel.  1/2",1818606494092267923,1818601547007201510,True,nl,49,0
JayChasein506,Wed Jul 31 11:11:50 +0000 2024,1,@geldmaat @tomdehaas271 @ingnl Heb je ook een actuele oplossing? Wat de persoon hierboven aangekaart heeft heb ik namelijk zelf ook al meerdere keren meegemaakt maar dan krijg je van dat standaard service gelul waar je niks aan hebt. ü§∑,1818605486150685037,1818601547007201510,True,nl,9,0
geldmaat,Wed Jul 31 10:56:11 +0000 2024,0,@tomdehaas271 @ingnl @tomdehaas271 @ingnl Heb je ook een actuele vraag? Dit artikel betreft een nieuwsbericht van oktober vorig jaar. ^RW,1818601547007201510,1818590085685633395,True,nl,72,0
DeOverdenking,Wed Jul 31 10:46:46 +0000 2024,0,"@Suzamina @ingnl Eat your own dog food. In de app niets, maar op de website kan je de volgorde van je producten aanpassen en dan pakt ie de rekening die bovenaan staat....",1818599177904857302,1818586384103313534,True,nl,8,0
Suzamina,Wed Jul 31 09:55:56 +0000 2024,0,@DeOverdenking Misschien eens bij de Instellingen kijken. Dat zou de helpdesk van @ingnl u ook 'moeten' aanraden.,1818586384103313534,1818583368604197189,True,nl,11,0
DeOverdenking,Wed Jul 31 09:43:10 +0000 2024,0,"Het is me werkelijk een raadsel waarom ze bij @ingnl niet door hebben dat er een bug zit in de app bij het betalen via iDeal. Bedoel, waarom selecteert dat ding de hele tijd mijn spaarrekening, als in @iDeal mijn betaalrekening (alles van hen) als enige en als standaard staat?",1818583171262251484,,False,nl,67,0
karelkoos,Wed Jul 31 09:35:19 +0000 2024,0,"@ingnl wat vervelend dat je alleen kunt chatten als je een vraag hebt , ik krijg geen duidelijkheid en blijf gefrustreerd achter. Ik ben zeker al 40 jaar klant # vervelend",1818581194767818767,,False,nl,31,0
eatthotchip,Wed Jul 31 09:16:37 +0000 2024,0,@FANCYY0U @ingnl oh girl good luck with this,1818576491648598180,1818574169354707203,True,en,25,0
FANCYY0U,Wed Jul 31 09:07:24 +0000 2024,2,"@eatthotchip stond rood, moest daaruit komen (wat logisch is) maar ze hebben deze maand voor de TWEEDE keer 250 euro ingehouden (op de 9e en vandaag)  dus heb nu letterlijk negatief 193 euro EN ben sinds vorige maand mn huis kwijt!!! @ingnl if i kill myself this is on yall",1818574169354707203,1818573611780682204,True,nl,36,0
Mylife_,Wed Jul 31 07:08:01 +0000 2024,2,"‚ÄúSparen loont. Het is weer aantrekkelijk geworden.‚Äù, aldus consumenteneconoom Marten van Garderen van ING. https://t.co/pMGwHkoGlS De spaarrente bij @INGnl is nu 1,25 - 1,50%.",1818544127081881842,,False,nl,157,0
Arjenmk,Wed Jul 31 06:57:39 +0000 2024,2,"@ingnl Wat een rare bank / verzekeraar bent u. Heb je alleen een verzekering bij u, geen bankrekening. Geef je aan dat je verhuisd bent, passen jullie het adres van het verzekerde object aan maar niet mijn post adres?? Als je dat wil aanpassen moet je naar een ing punt?? Bizar!!",1818541517469778354,,False,nl,121,0
vktheo,Wed Jul 31 06:44:02 +0000 2024,0,@ingnl Inderdaad steeds weer hetzelfde onbevredigende en nietszeggend antwoord! Kom op @ING dit kan toch anders! INFORMEER jullie klanten!,1818538093013618913,1818528221542908155,True,nl,16,0
Fijnweer,Tue Jul 30 21:55:08 +0000 2024,0,"Zeg @ingnl Die app is nog steeds in de verkeerde taal sinds de vorige update. Dit zou worden verholpen met een nieuwe update, maar dat is dus niet zo. Het is onwerkbaar! De taalinstellingen waren goed. Dit duurt al maanden! @consumentenbond @Kifid_Den_Haag @AutoriteitFM Los t op!",1818404988483207552,,False,nl,171,0
B2Marjolein,Tue Jul 30 20:16:38 +0000 2024,0,"Hee @ingnl , hou nou toch eens op. https://t.co/EqEQ3V2hqY",1818380202050814445,,False,nl,83,0
FlyingDutch0104,Tue Jul 30 20:14:41 +0000 2024,0,"@ingnl @BobRobe22939024 Er zijn duizenden mensen die erom vragen op dit moment. Beetje jammer. ING is in de top 3 grootste banken van Nederland, maar toch de allerlaatste bank die dit moet gaan ondersteunen. Het maakt andere banken zoals Rabobank of ABN AMRO toch al snel een aantrekkelijkere optie. 2/2",1818379710914511183,1818379321100451864,True,nl,18,0
FlyingDutch0104,Tue Jul 30 20:13:08 +0000 2024,0,"@ingnl @BobRobe22939024 Begin me toch wel af te vragen of 't misschien geen verstandig idee is voor het ontwikkelingsteam om er een woordje over uit te brengen, of iig voor het media team om informatie in te winnen met een grove tijdsschatting / voortgangsmelding. 1/2",1818379321100451864,1818318316299018315,True,nl,25,0
vktheo,Tue Jul 30 19:15:51 +0000 2024,1,"@ingnl @Androidworld @Consumentenbond Top! Meer info is echt gewenst! Aan het lijntje gehouden worden is pas frustrerend, iedere keer zelf blijven vragen maakt mensen alleen maar boos met veel onbegrip!",1818364903461371970,1818170830846636067,True,nl,55,0
dvoorthu,Tue Jul 30 18:19:28 +0000 2024,1,"@ingnl @vktheo @Androidworld @Consumentenbond Een tip voor de ING. Leg aan de klanten uit waarom het nog niet kan, waarom het zo lang duurt en wat de streefdatum is. Dat kweekt wellicht meer begrip. Tot 2 maanden voor de release van Google pay werd men op de zelfde manier aan het lijntje gehouden. Dat is heel frustrerend.",1818350715338940907,1818170830846636067,True,nl,107,0
yvon_valk,Tue Jul 30 17:04:22 +0000 2024,1,@AnnetHead @ZwanPetervd @pvegmond_van @LawPension DRIE keer gestolen !!!! De laatste keer 200 MILJARD om de @ingnl te redden. Lees het boek Bankenfraude !!!,1818331815326752803,1818317834684117286,True,nl,15,0
daandw,Tue Jul 30 15:51:07 +0000 2024,1,@ingnl @wiiguy1 Dat bedoel ik dus.. privacyverklaring van Google.. daarin staat niet dat ze niets met je gegevens doen. @bitsoffreedom Wat is jullie mening over Google Pay in relatie tot privacy en dergelijke?,1818313383180935571,1816522664107810856,True,nl,23,0
uN1c0de_v3ngr,Tue Jul 30 15:37:02 +0000 2024,1,@ingnl @4punt3 Mirte kaats je snap,1818309839635808382,1818238629946233256,True,nl,24,0
sensimilio,Tue Jul 30 15:08:43 +0000 2024,0,@keulenborg @ecb @ingnl @ABNAMRO Theyre broke...thats what 0% is all about.,1818302713408749805,1813932099231223869,True,en,11,0
BobRobe22939024,Tue Jul 30 14:48:56 +0000 2024,0,@ingnl  Is er al iets bekend over ondersteuning van Google Pay op smartwatches? Het zou fijn zijn om op zijn minst te weten dat hier actief aan gewerkt wordt. Over 2 maanden is Google Pay zelfs de enige mobiele manier om te betalen maar kan nog steeds geen smartwatch gebruiken!,1818297731338658158,,False,nl,56,0
meneeralbert,Tue Jul 30 11:39:04 +0000 2024,0,@ingnl  zijn er problemen met bijschrijvingen??,1818249950632771694,,False,nl,58,0
Rinka21671,Tue Jul 30 11:23:30 +0000 2024,0,@ingnl En dan vragen ze mijn rekeningnummer dat ik niet heb,1818246032888672591,1818245895319683106,True,nl,66,0
Rinka21671,Tue Jul 30 11:19:58 +0000 2024,0,@ingnl Waar doe ik dat? Want die computer geeft nergens aan dat de mogelijkheid bestaat een persoon aan de lijn te krijgen,1818245146518974713,1818244957108408701,True,nl,38,0
Rinka21671,Tue Jul 30 11:14:29 +0000 2024,0,"@ingnl Dat nummer bel ik, maar krijg geen medewerker aan de lijn om afspraak te maken Er is geen foutmelding, ik kom gewoon niet verder in menu",1818243764244054210,1818242082126844221,True,nl,31,0
Rinka21671,Tue Jul 30 11:00:42 +0000 2024,0,"@ingnl Ja, ga ik naar de link dan staat er inloggen, dat kan dus niet, want ik heb niks",1818240297018478714,1818239793265816030,True,nl,39,0
Rinka21671,Tue Jul 30 10:58:42 +0000 2024,0,"@ingnl Hoi Mirte, ik wil graag een afspraak maken bij kantoor Maastricht omdat het openen van rekening niet lukt, krijg melding ben bekend bij jullie dat ik in moet loggen via mijn ing, maar ik heb geen rekening of mijn ing, loopt andere aanvraag en daar moet ik een ing rekening voor",1818239793265816030,1818239150857892185,True,nl,22,0
4punt3,Tue Jul 30 10:51:49 +0000 2024,0,@ingnl Oh thanks,1818238060921831823,1818237936015450189,True,en,98,0
RuudKosters,Tue Jul 30 10:48:03 +0000 2024,0,@Rinka21671 @ingnl Niet,1818237111985655984,1818232049712455839,True,nl,10,0
Rinka21671,Tue Jul 30 10:27:56 +0000 2024,0,"@ingnl ik probeer telefonisch contact net jullie te krijgen, ivm afspraak maken op kantoor, maar word telkens verwezen naar mijn ing, dat heb ik niet Hoe zijn jullie bereikbaar?!?",1818232049712455839,,False,nl,90,0
RobvanderGraaf3,Tue Jul 30 09:35:24 +0000 2024,0,"@Rabobank @ingnl @SNSBank @knab_nl @ABNAMRO  ff wat info over CO2, want jullie zijn een beetje WOKE banken aan het worden die allemaal verkeerde dingen doen of willen gaan doen, in opdracht van de overheid die niet deugt, en die heel veel consequenties zullen hebben voor jullie. https://t.co/2NMcTTx0L4",1818218828418982100,,False,nl,42,0
eatery1234,Tue Jul 30 09:06:16 +0000 2024,0,@stijnhommes @ingnl P2P payments with it. (3/3),1818211497572511950,1818206921150824801,True,en,19,0
eatery1234,Tue Jul 30 08:48:05 +0000 2024,0,"@stijnhommes @ingnl services that support UPI (like Google Pay) connect directly to Indian bank accounts. UPI also involves scanning QR codes, not tapping your card/phone with NFC. Google Pay is also more like PayPal than something like Google Wallet, whilst Google Wallet, as you can send (2/3)",1818206921150824801,1818206314259972224,True,en,70,0
eatery1234,Tue Jul 30 08:45:40 +0000 2024,0,"@stijnhommes @ingnl India's payments are completely different to the rest of the world. India uses NPCI's own UPI, whilst the rest of the world uses NFC. These are completely different technologies that work in completely different ways. For example, whilst Google Wallet uses credit/debit cards, 1/?",1818206314259972224,1818189356625953044,True,en,73,0
stijnhommes,Tue Jul 30 07:38:17 +0000 2024,0,@eatery1234 @ingnl So they call it Google Pay and to use it you need to use an app with a completely different name depending on where you live. They don't realize how this could possibly be unnecessarily? Why does India not have to use Google Wallet like everyone else?,1818189356625953044,1818182872215560355,True,en,57,0
eatery1234,Tue Jul 30 07:12:31 +0000 2024,0,@stijnhommes @ingnl That's the Google Pay app for India. You're looking for Google Wallet. https://t.co/Sw2V9w4N8T,1818182872215560355,1812569911354400911,True,en,61,0
vktheo,Tue Jul 30 06:50:51 +0000 2024,0,"@ingnl @Androidworld @Consumentenbond Bedankt Margreet, weer met een kluitje in het riet....üòè",1818177421125841186,1818170830846636067,True,nl,102,0
Gijsje4Ever,Tue Jul 30 06:33:41 +0000 2024,0,@tantedees @ingnl Zo vaak?!! Djeez wat slecht!  Doe er eens wat aan @ingnl  Mensen hebben wel wat beters te doen!!,1818173097666658796,1818172617817293147,True,nl,47,0
ChrissieDance,Tue Jul 30 06:32:50 +0000 2024,0,@ingnl uhm is er een pin storing? Kan niet met mijn telefoon betalen. Meerdere mensen in de supermarkt hebben hetzelfde probleem.,1818172886097494393,,False,nl,190,0
tantedees,Tue Jul 30 06:31:46 +0000 2024,0,@Gijsje4Ever Ja maar om dat elke maand drie keer te moeten ondergaan begint toch wel irritant te worden @ingnl,1818172617817293147,1818171197953077372,True,nl,83,0
WesterVosje,Tue Jul 30 06:26:58 +0000 2024,0,@ingnl is er een pinstoring?,1818171406699380767,,False,nl,218,0
Wavey_asr,Tue Jul 30 06:07:18 +0000 2024,0,@ingnl weer een storing?!?,1818166457672347751,,False,nl,76,0
theoneyouknow96,Tue Jul 30 06:06:52 +0000 2024,1,@ingnl is er bij jullie een pinstoring. Er werd me net bin de ah op schiphol verteld dat we niet met ing konden pinnen en dat lukte ook inderdaad niet,1818166349161451898,,False,nl,190,0
ralampe71,Tue Jul 30 06:04:51 +0000 2024,0,@ingnl er is weer eens een PIN storing. Niet handig tijdens de ochtendspits.,1818165843567456436,,False,nl,91,0
vktheo,Tue Jul 30 04:53:52 +0000 2024,1,"@ingnl @Androidworld @Consumentenbond Hallo ING, nogmaals het dringende verzoek om jullie belofte voor Google Pay op de smartwatch zsm waar te maken!! Dit duurt alweer absurd lang en is ZEER frustrerend!! üò°üò°ü§¨ü§¨",1818147980437799391,,False,nl,206,0
theCryptoTao,Mon Jul 29 15:12:35 +0000 2024,0,"Hi @ingnl üëã quick question, what‚Äôs the point of having these stations at the Schiphol Airport in Amsterdam if they don‚Äôt work? I‚Äôve just tried 3 stations and all the 48 outlets were off. Serious question. https://t.co/0QKXjLGyMF",1817941298038313252,,False,en,113,0
crazyfrogg111,Mon Jul 29 14:09:25 +0000 2024,0,"@ingnl Wat over in app betalen? Jullie werkte paar jaren om Google pay toevoegen. Ik wachtte om met mijn horloge betalen. Dat lukt niet. Jullie zijn alleen maar teleurstelling. Slechte service, dure hypotheek, waardeloos klantenservice.",1817925399097032891,1817922584287060454,True,nl,27,0
crazyfrogg111,Mon Jul 29 13:47:23 +0000 2024,0,"@ingnl Ja, maar moest ik het opnieuw installeren. Google Pay in apps werkt nog steeds niet. Horloge is door jullie niet ondersteund (waarom?!). Gelukkig abn Amro en Rabo bank nemen zijn service serieus. Ik zal zorgen dat alle mijn bekende zullen weten hoe slechte bank jullie zijn.",1817919855682560276,1817915820313354274,True,nl,84,0
crazyfrogg111,Mon Jul 29 13:04:08 +0000 2024,0,"@ingnl Ik weet, met kwaliteit van service jullie bidden aan dat zou te veel werk zijn. Gelukkig er zijn andere banken. Jammer dat het best veel werk is. Maar ik ben klaar mee met jullie. Slechtse bank ervaring ooit. Contact met mens bij klantenservice is ongelooflijk moelijk.",1817908972315107335,1817908386760982584,True,nl,47,0
crazyfrogg111,Mon Jul 29 13:01:49 +0000 2024,0,"@ingnl Jullie zijn ongelooflijk slechte bank. Mijn app werkt weken lang niet, klantenservice is beschikbaar alleen maar in tijd wanneer mensen werken. Google Pay werkt niet voor in-app aankopen (horloge ook niet maar dat staat op website). Jullie hebben geen klacht afdeling.",1817908386760982584,,False,nl,86,0
zielewind,Mon Jul 29 09:48:34 +0000 2024,0,@ingnl weer storing in de app! Doe er wat aan aan deze instabiliteit,1817859756624678995,,False,nl,3,0
yvon_valk,Mon Jul 29 07:08:41 +0000 2024,1,DRAAD ! @DNB_NL @KlaasKnot @AutoriteitFM @abppensioen @PGGMnieuws  En de verdwenen 200 MILJARD om de @ingnl te redden.  OOK nog een Kon.Besluit ZONDER de Kamers.,1817819519039009230,,False,nl,62,1
